frame,rmsd
1,11.587872542139065
2,11.408393808655113
3,11.560703925804244
4,11.777002876444845
5,12.048122721930275
6,13.304234587825528
7,13.408340066321328
8,13.32596005934817
9,13.38648502389084
10,13.444308582745167
11,12.419002551059384
12,12.563373468823945
13,12.598328260042287
14,12.508061264216668
15,12.50396532002795
