frame,rmsd
1,1.613327972472384
2,4.5783648833386374
3,4.600060485942014
4,2.9134660150791842
