frame,rmsd
1,8.709046377893582
2,9.909517880106199
3,7.840043744033349
4,7.698530709796625
5,7.937459948559588
6,6.240776689597201
7,8.226837985692038
8,9.695280144397028
9,7.227322045005196
10,8.278572582521752
11,8.709046377893582
12,9.909517880106199
13,7.840043744033349
14,7.698530709796625
15,7.937459948559588
16,6.240776689597201
17,8.226837985692038
18,9.695280144397028
19,7.227322045005196
20,8.278572582521752
