frame,rmsd
1,1.613327972472384
2,1.613327972472384
